<?xml version="1.0" encoding="UTF-8"?><MD_Metadata xmlns:gts="http://www.isotc211.org/2005/gts" xmlns:gco="http://www.isotc211.org/2005/gco" xmlns:xalan="http://xml.apache.org/xalan" xmlns:srv="http://www.isotc211.org/2005/srv" xmlns:gmx="http://www.isotc211.org/2005/gmx" xmlns:xlink="http://www.w3.org/1999/xlink" xmlns:xsi="http://www.w3.org/2001/XMLSchema-instance" xmlns:gml="http://www.opengis.net/gml" xmlns="http://www.isotc211.org/2005/gmd">
    <characterSet>
        <MD_CharacterSetCode codeList="http://www.isotc211.org/2005/resources/Codelist/gmxCodelists.xml#MD_CharacterSetCode" codeListValue="utf8" codeSpace="ISOTC211/19115">utf8</MD_CharacterSetCode>
    </characterSet>
    <hierarchyLevel>
        <MD_ScopeCode codeList="http://www.isotc211.org/2005/resources/Codelist/gmxCodelists.xml#MD_ScopeCode" codeListValue="dataset" codeSpace="ISOTC211/19115">dataset</MD_ScopeCode>
    </hierarchyLevel>
    <hierarchyLevelName>
        <gco:CharacterString>dataset</gco:CharacterString>
    </hierarchyLevelName>
    <contact>
        <CI_ResponsibleParty>
            <individualName>
                <gco:CharacterString>Service Ingénierie Numérique</gco:CharacterString>
            </individualName>
            <organisationName>
                <gco:CharacterString>Communauté d'Agglomération de Lens Liévin</gco:CharacterString>
            </organisationName>
            <contactInfo>
                <CI_Contact>
                    <phone>
                        <CI_Telephone>
                            <voice>
                                <gco:CharacterString>03 21 79 07 90</gco:CharacterString>
                            </voice>
                        </CI_Telephone>
                    </phone>
                    <address>
                        <CI_Address>
                            <deliveryPoint>
                                <gco:CharacterString>21, rue Sembat</gco:CharacterString>
                            </deliveryPoint>
                            <city>
                                <gco:CharacterString>LENS</gco:CharacterString>
                            </city>
                            <postalCode>
                                <gco:CharacterString>62300</gco:CharacterString>
                            </postalCode>
                            <country>
                                <Country codeList="http://www.iso.org/iso/country_codes/iso_3166_code_lists.htm" codeListValue="FR" codeSpace="ISO3166-1">FR</Country>
                            </country>
                            <electronicMailAddress>
                                <gco:CharacterString>SIG@agglo-lenslievin.fr</gco:CharacterString>
                            </electronicMailAddress>
                        </CI_Address>
                    </address>
                </CI_Contact>
            </contactInfo>
            <role>
                <CI_RoleCode codeList="http://www.isotc211.org/2005/resources/Codelist/gmxCodelists.xml#CI_RoleCode" codeListValue="pointOfContact" codeSpace="ISOTC211/19115">pointOfContact</CI_RoleCode>
            </role>
        </CI_ResponsibleParty>
    </contact>
    <dateStamp>
        <gco:Date>2022-07-26</gco:Date>
    </dateStamp>
    <metadataStandardName>
        <gco:CharacterString>INSPIRE Metadata Implementing Rules: Technical Guidelines based on EN ISO 19115 and EN ISO 19119</gco:CharacterString>
    </metadataStandardName>
    <metadataStandardVersion>
        <gco:CharacterString>V. 2.0.1</gco:CharacterString>
    </metadataStandardVersion>
    <spatialRepresentationInfo>
        <MD_VectorSpatialRepresentation>
            <topologyLevel>
                <MD_TopologyLevelCode codeList="http://www.isotc211.org/2005/resources/Codelist/gmxCodelists.xml#MD_TopologyLevelCode" codeListValue="geometryOnly" codeSpace="ISOTC211/19115">geometryOnly</MD_TopologyLevelCode>
            </topologyLevel>
            <geometricObjects>
                <MD_GeometricObjects>
                    <geometricObjectType>
                        <MD_GeometricObjectTypeCode codeList="http://www.isotc211.org/2005/resources/Codelist/gmxCodelists.xml#MD_GeometricObjectTypeCode" codeListValue="point" codeSpace="ISOTC211/19115">point</MD_GeometricObjectTypeCode>
                    </geometricObjectType>
                </MD_GeometricObjects>
            </geometricObjects>
        </MD_VectorSpatialRepresentation>
    </spatialRepresentationInfo>
    <referenceSystemInfo>
        <MD_ReferenceSystem>
            <referenceSystemIdentifier>
                <RS_Identifier>
                    <code>
                        <gco:CharacterString>3950</gco:CharacterString>
                    </code>
                    <codeSpace>
                        <gco:CharacterString>EPSG</gco:CharacterString>
                    </codeSpace>
                    <version>
                        <gco:CharacterString>6.15(10.0.0)</gco:CharacterString>
                    </version>
                </RS_Identifier>
            </referenceSystemIdentifier>
        </MD_ReferenceSystem>
    </referenceSystemInfo>
    <identificationInfo>
        <MD_DataIdentification>
            <citation>
                <CI_Citation>
                    <title>
                        <gco:CharacterString>Lieux et acteurs de la médiation numérique</gco:CharacterString>
                    </title>
                    <date gco:nilReason="missing"/>
                    <identifier>
                        <MD_Identifier>
                            <code>
                                <gco:CharacterString>assembleurs</gco:CharacterString>
                            </code>
                        </MD_Identifier>
                    </identifier>
                    <presentationForm>
                        <CI_PresentationFormCode codeList="http://www.isotc211.org/2005/resources/Codelist/gmxCodelists.xml#CI_PresentationFormCode" codeListValue="mapDigital" codeSpace="ISOTC211/19115">mapDigital</CI_PresentationFormCode>
                    </presentationForm>
                </CI_Citation>
            </citation>
            <abstract>
                <gco:CharacterString>Les Assembleurs est un projet collectif qui a pour objectif de faire converger toutes les organisations, publiques ou privées, qui oeuvrent pour cette transformation numérique inclusive et créative. Né en 2019 d’une réponse co-portée par la Région Hauts-de-France, le SIILAB et le groupe POP, dans le cadre de l’appel à projets « Hubs France Connectée » de la Banque des Territoires, Les Assembleurs accompagnent les différents acteurs, forment les professionnels de l’inclusion numérique, animent les réseaux de médiation en région et localement, et mutualisent des moyens au service du développement des actions.Les Assembleurs est un espace de collaboration, de mutualisation, de convergence, qui fonctionne en mode pair à pair et permet le renforcement de tous les acteurs. Une plateforme ouverte et innovante, qui prend en compte les nouvelles formes de collaboration et les nouveaux modèles économiques du numérique pour rendre de nouveaux services à ses différents niveaux usagers, dans une logique agile et frugale.Les Assembleurs renforcent l’offre d’accompagnement de tous les habitants et de tous les acteurs du territoire : sensibilisation, formation, collaboration, création – à travers un réseau de tiers-lieux numériques, de nouveaux lieux de médiation qui ancrent le numérique dans les quartiers, dans les villages, dans les communautés d’acteurs et en font un levier de développement culturel, social et économique.En savoir plus...</gco:CharacterString>
            </abstract>
            <purpose>
                <gco:CharacterString>Les acteurs de l’inclusion numérique sur le territoire de la CALL</gco:CharacterString>
            </purpose>
            <credit>
                <gco:CharacterString>Assembleurs®</gco:CharacterString>
            </credit>
            <pointOfContact>
                <CI_ResponsibleParty>
                    <individualName>
                        <gco:CharacterString>Service Ingénierie Numérique</gco:CharacterString>
                    </individualName>
                    <organisationName>
                        <gco:CharacterString>Communauté d'Agglomération de Lens Liévin</gco:CharacterString>
                    </organisationName>
                    <contactInfo>
                        <CI_Contact>
                            <phone>
                                <CI_Telephone>
                                    <voice>
                                        <gco:CharacterString>03 21 79 07 90</gco:CharacterString>
                                    </voice>
                                </CI_Telephone>
                            </phone>
                            <address>
                                <CI_Address>
                                    <deliveryPoint>
                                        <gco:CharacterString>21, rue Sembat</gco:CharacterString>
                                    </deliveryPoint>
                                    <city>
                                        <gco:CharacterString>LENS</gco:CharacterString>
                                    </city>
                                    <postalCode>
                                        <gco:CharacterString>62300</gco:CharacterString>
                                    </postalCode>
                                    <country>
                                        <Country codeList="http://www.iso.org/iso/country_codes/iso_3166_code_lists.htm" codeListValue="FR" codeSpace="ISO3166-1">FR</Country>
                                    </country>
                                    <electronicMailAddress>
                                        <gco:CharacterString>SIG@agglo-lenslievin.fr</gco:CharacterString>
                                    </electronicMailAddress>
                                </CI_Address>
                            </address>
                        </CI_Contact>
                    </contactInfo>
                    <role>
                        <CI_RoleCode codeList="http://www.isotc211.org/2005/resources/Codelist/gmxCodelists.xml#CI_RoleCode" codeListValue="pointOfContact" codeSpace="ISOTC211/19115">pointOfContact</CI_RoleCode>
                    </role>
                </CI_ResponsibleParty>
            </pointOfContact>
            <descriptiveKeywords>
                <MD_Keywords>
                    <keyword>
                        <gco:CharacterString>OPENDATA</gco:CharacterString>
                    </keyword>
                    <keyword>
                        <gco:CharacterString>NUMERIQUE</gco:CharacterString>
                    </keyword>
                    <keyword>
                        <gco:CharacterString>FABLAB</gco:CharacterString>
                    </keyword>
                    <keyword>
                        <gco:CharacterString>APTIC</gco:CharacterString>
                    </keyword>
                    <keyword>
                        <gco:CharacterString>TIERSLIEUX</gco:CharacterString>
                    </keyword>
                    <keyword>
                        <gco:CharacterString>EPN</gco:CharacterString>
                    </keyword>
                </MD_Keywords>
            </descriptiveKeywords>
            <resourceConstraints>
                <MD_Constraints>
                    <useLimitation>
                        <gco:CharacterString>Licence ouverte</gco:CharacterString>
                    </useLimitation>
                </MD_Constraints>
            </resourceConstraints>
            <resourceConstraints>
                <MD_LegalConstraints>
                    <otherConstraints>
                        <gco:CharacterString>no limitations on public access</gco:CharacterString>
                    </otherConstraints>
                </MD_LegalConstraints>
            </resourceConstraints>
            <spatialRepresentationType>
                <MD_SpatialRepresentationTypeCode codeList="http://www.isotc211.org/2005/resources/Codelist/gmxCodelists.xml#MD_SpatialRepresentationTypeCode" codeListValue="vector" codeSpace="ISOTC211/19115">vector</MD_SpatialRepresentationTypeCode>
            </spatialRepresentationType>
            <language>
                <gco:CharacterString>fra</gco:CharacterString>
            </language>
            <characterSet>
                <MD_CharacterSetCode codeList="http://www.isotc211.org/2005/resources/Codelist/gmxCodelists.xml#MD_CharacterSetCode" codeListValue="utf8" codeSpace="ISOTC211/19115">utf8</MD_CharacterSetCode>
            </characterSet>
            <topicCategory>
                <MD_TopicCategoryCode>society</MD_TopicCategoryCode>
            </topicCategory>
            <environmentDescription>
                <gco:CharacterString>Esri ArcGIS 12.9.0.32739</gco:CharacterString>
            </environmentDescription>
            <extent>
                <EX_Extent/>
            </extent>
        </MD_DataIdentification>
    </identificationInfo>
    <distributionInfo>
        <MD_Distribution>
            <distributionFormat>
                <MD_Format>
                    <name>
                        <gco:CharacterString>Classe d’entités de géodatabase d'entreprise</gco:CharacterString>
                    </name>
                    <version gco:nilReason="missing"/>
                </MD_Format>
            </distributionFormat>
        </MD_Distribution>
    </distributionInfo>
</MD_Metadata>
